{"cameraMode":{"drawMode":0,"name":"Shaded","section":"Shading Mode"},"sceneLighting":true,"audioPlay":false,"sceneViewState":{"showFog":true,"showMaterialUpdate":false,"showSkybox":true,"showFlares":true,"showImageEffects":true,"showParticleSystems":true},"in2DMode":false,"pivot":{"x":-0.4788818359375,"y":0.6142730712890625,"z":-0.162109375},"rotation":{"x":-0.023553457111120225,"y":-0.7556526064872742,"z":-0.027215350419282914,"w":0.6539837121963501},"size":0.959392249584198,"orthographic":true}