{"cameraMode":{"drawMode":0,"name":"Shaded","section":"Shading Mode"},"sceneLighting":true,"audioPlay":false,"sceneViewState":{"showFog":true,"showMaterialUpdate":false,"showSkybox":true,"showFlares":true,"showImageEffects":true,"showParticleSystems":true},"in2DMode":false,"pivot":{"x":0.3362349271774292,"y":1.3563015460968018,"z":-1.9789116382598878},"rotation":{"x":0.19328364729881288,"y":-0.3138873279094696,"z":0.06542760133743286,"w":0.9272751808166504},"size":0.8928238749504089,"orthographic":false}